数据组 2:时间(s),数据组 2:力(N),数据组 2:呼吸速度(bpm)
0.000000000000,16.277900695801,5.474452972412
0.050000000000,15.626373291016,
0.100000000000,14.315658569336,
0.150000000000,13.878753662109,
0.200000000000,13.265556335449,
0.250000000000,12.780105590820,
0.300000000000,12.005943298340,
0.350000000000,11.798988342285,
0.400000000000,11.993164062500,
0.450000000000,12.545043945312,
0.500000000000,12.414741516113,
0.550000000000,11.523048400879,
0.600000000000,11.201118469238,
0.650000000000,11.701896667480,
0.700000000000,12.358528137207,
0.750000000000,13.549163818359,
0.800000000000,14.394866943359,
0.850000000000,15.013175964355,
0.900000000000,14.995292663574,
0.950000000000,14.811332702637,
1.000000000000,14.737236022949,
1.050000000000,14.908424377441,
1.100000000000,15.077049255371,
1.150000000000,15.212463378906,
1.200000000000,15.202247619629,
1.250000000000,14.910980224609,
1.300000000000,14.852210998535,
1.350000000000,15.286560058594,
1.400000000000,15.508850097656,
1.450000000000,15.498626708984,
1.500000000000,15.429641723633,
1.550000000000,15.176696777344,
1.600000000000,14.714241027832,
1.650000000000,13.237449645996,
1.700000000000,11.814315795898,
1.750000000000,9.622123718262,
1.800000000000,8.365066528320,
1.850000000000,7.064575195312,
1.900000000000,6.630218505859,
1.950000000000,6.267410278320,
2.000000000000,6.091117858887,
2.050000000000,5.845840454102,
2.100000000000,5.748748779297,
2.150000000000,5.960815429688,
2.200000000000,6.246971130371,
2.250000000000,6.581680297852,
2.300000000000,7.049240112305,
2.350000000000,8.265419006348,
2.400000000000,8.904174804688,
2.450000000000,8.939941406250,
2.500000000000,8.559249877930,
2.550000000000,8.048248291016,
2.600000000000,7.769752502441,
2.650000000000,7.496368408203,
2.700000000000,7.468261718750,
2.750000000000,7.851509094238,
2.800000000000,8.510704040527,
2.850000000000,10.066696166992,
2.900000000000,11.042709350586,
2.950000000000,11.247108459473,
3.000000000000,10.493385314941,
3.050000000000,8.973159790039,
3.100000000000,8.002258300781,
3.150000000000,6.816734313965,
3.200000000000,6.318511962891,
3.250000000000,5.896934509277,
3.300000000000,5.850944519043,
3.350000000000,6.349174499512,
3.400000000000,7.335403442383,
3.450000000000,10.202110290527,
3.500000000000,12.874641418457,
3.550000000000,17.407211303711,
3.600000000000,20.271366119385,
3.650000000000,22.136516571045,
3.700000000000,21.380237579346,
3.750000000000,19.530414581299,
3.800000000000,18.551853179932,
3.850000000000,17.644824981689,
3.900000000000,17.491527557373,
3.950000000000,17.517074584961,
4.000000000000,17.506855010986,
4.050000000000,17.430206298828,
4.100000000000,17.450645446777,
4.150000000000,17.959091186523,
4.200000000000,18.380664825439,
4.250000000000,17.907993316650,
4.300000000000,16.906433105469,
4.350000000000,15.388763427734,
4.400000000000,14.433189392090,
4.450000000000,13.628364562988,
4.500000000000,13.983512878418,
4.550000000000,15.700469970703,
4.600000000000,17.685707092285,
4.650000000000,22.271930694580,
4.700000000000,26.007339477539,
4.750000000000,30.659996032715,
4.800000000000,31.725429534912,
4.850000000000,30.511806488037,
4.900000000000,29.221530914307,
4.950000000000,26.883705139160,
5.000000000000,24.870365142822,
5.050000000000,22.282150268555,
5.100000000000,21.119625091553,
5.150000000000,19.926441192627,
5.200000000000,19.272361755371,
5.250000000000,18.321903228760,
5.300000000000,17.813457489014,
5.350000000000,17.223251342773,
5.400000000000,16.865550994873,
5.450000000000,16.423538208008,
5.500000000000,16.239578247070,
5.550000000000,15.915092468262,
5.600000000000,15.312110900879,
5.650000000000,13.592597961426,
5.700000000000,12.527160644531,
5.750000000000,12.133689880371,
5.800000000000,12.414741516113,
5.850000000000,13.176132202148,
5.900000000000,14.463851928711,
5.950000000000,18.189041137695,
6.000000000000,20.749153137207,
6.050000000000,21.929561614990,
6.100000000000,21.209053039551,
6.150000000000,20.095069885254,
6.200000000000,19.877895355225,
6.250000000000,19.819129943848,
6.300000000000,19.461429595947,
6.350000000000,18.516082763672,
6.400000000000,17.961647033691,
6.450000000000,17.110832214355,
6.500000000000,16.426094055176,
6.550000000000,15.805229187012,
6.600000000000,15.697914123535,
6.650000000000,15.774566650391,
6.700000000000,15.989189147949,
6.750000000000,16.579391479492,
6.800000000000,17.072505950928,
6.850000000000,17.839008331299,
6.900000000000,18.357669830322,
6.950000000000,19.228927612305,
7.000000000000,19.885562896729,
7.050000000000,20.910118103027,
7.100000000000,21.607631683350,
7.150000000000,22.665401458740,
7.200000000000,23.293930053711,
7.250000000000,24.183071136475,
7.300000000000,24.788604736328,
7.350000000000,25.598541259766,
7.400000000000,26.119762420654,
7.450000000000,26.888816833496,
7.500000000000,27.320610046387,
7.550000000000,27.800952911377,
7.600000000000,28.018127441406,
7.650000000000,28.110107421875,
7.700000000000,27.944030761719,
7.750000000000,27.381931304932,
7.800000000000,26.858154296875,
7.850000000000,25.636867523193,
7.900000000000,24.505001068115,
7.950000000000,22.683284759521,
8.000000000000,21.520759582520,
8.050000000000,19.995426177979,
8.100000000000,19.152275085449,
8.150000000000,18.107280731201,
8.200000000000,17.578395843506,
8.250000000000,17.018852233887,
8.300000000000,16.740356445312,
8.350000000000,16.395431518555,
8.400000000000,16.206359863281,
8.450000000000,15.968750000000,
8.500000000000,15.866546630859,
8.550000000000,15.772010803223,
8.600000000000,15.713249206543,
8.650000000000,15.593162536621,
8.700000000000,15.516510009766,
8.750000000000,15.503738403320,
8.800000000000,15.552284240723,
8.850000000000,15.600830078125,
8.900000000000,15.608489990234,
8.950000000000,15.613601684570,
9.000000000000,15.613601684570,
9.050000000000,15.659591674805,
9.100000000000,15.695358276367,
9.150000000000,15.700469970703,
9.200000000000,15.672363281250,
9.250000000000,15.603378295898,
9.300000000000,15.570167541504,
9.350000000000,15.585494995117,
9.400000000000,15.628929138184,
9.450000000000,15.723464965820,
9.500000000000,15.835884094238,
9.550000000000,16.150154113770,
9.600000000000,16.428649902344,
9.650000000000,16.847667694092,
9.700000000000,17.113388061523,
9.750000000000,17.504302978516,
9.800000000000,17.749580383301,
9.850000000000,18.104724884033,
9.900000000000,18.334674835205,
9.950000000000,18.682155609131,
10.000000000000,18.927436828613,7.594936370850
10.050000000000,19.297912597656,
10.100000000000,19.558521270752,
10.150000000000,19.916221618652,
10.200000000000,20.087406158447,
10.250000000000,20.312248229980,
10.300000000000,20.462989807129,
10.350000000000,20.672500610352,
10.400000000000,20.759372711182,
10.450000000000,20.767036437988,
10.500000000000,20.718490600586,
10.550000000000,20.621402740479,
10.600000000000,20.498760223389,
10.650000000000,20.181941986084,
10.700000000000,19.982650756836,
10.750000000000,19.808910369873,
10.800000000000,19.724597930908,
10.850000000000,19.481872558594,
10.900000000000,19.198265075684,
10.950000000000,18.638721466064,
11.000000000000,18.229923248291,
11.050000000000,17.593727111816,
11.100000000000,17.195144653320,
11.150000000000,16.760795593262,
11.200000000000,16.571723937988,
11.250000000000,16.323890686035,
11.300000000000,16.162925720215,
11.350000000000,15.948303222656,
11.400000000000,15.835884094238,
11.450000000000,15.715805053711,
11.500000000000,15.685142517090,
11.550000000000,15.692810058594,
11.600000000000,15.680030822754,
11.650000000000,15.654479980469,
11.700000000000,15.593162536621,
11.750000000000,15.582939147949,
11.800000000000,15.628929138184,
11.850000000000,15.667259216309,
11.900000000000,15.718353271484,
11.950000000000,15.746459960938,
12.000000000000,15.746459960938,
12.050000000000,15.741348266602,
12.100000000000,15.723464965820,
12.150000000000,15.720909118652,
12.200000000000,15.772010803223,
12.250000000000,15.807785034180,
12.300000000000,15.802673339844,
12.350000000000,15.782234191895,
12.400000000000,15.741348266602,
12.450000000000,15.723464965820,
12.500000000000,15.805229187012,
12.550000000000,15.963638305664,
12.600000000000,16.323890686035,
12.650000000000,16.615161895752,
12.700000000000,17.062286376953,
12.750000000000,17.368885040283,
12.800000000000,17.905437469482,
12.850000000000,18.286132812500,
12.900000000000,18.820125579834,
12.950000000000,19.139499664307,
13.000000000000,19.632617950439,
13.050000000000,20.000537872314,
13.100000000000,20.529422760010,
13.150000000000,20.851352691650,
13.200000000000,21.186058044434,
13.250000000000,21.737937927246,
13.300000000000,22.110965728760,
13.350000000000,22.650070190430,
13.400000000000,22.974555969238,
13.450000000000,23.342475891113,
13.500000000000,23.536655426025,
13.550000000000,23.761497497559,
13.600000000000,23.853477478027,
13.650000000000,23.879024505615,
13.700000000000,23.810039520264,
13.750000000000,23.595420837402,
13.800000000000,23.342475891113,
13.850000000000,22.788040161133,
13.900000000000,22.358802795410,
13.950000000000,21.712387084961,
14.000000000000,21.306140899658,
14.050000000000,20.718490600586,
14.100000000000,20.325019836426,
14.150000000000,19.768032073975,
14.200000000000,19.366897583008,
14.250000000000,18.728145599365,
14.300000000000,18.401107788086,
14.350000000000,17.979530334473,
14.400000000000,17.655044555664,
14.450000000000,17.151710510254,
14.500000000000,16.819561004639,
14.550000000000,16.367324829102,
14.600000000000,16.180809020996,
14.650000000000,16.058174133301,
14.700000000000,15.999404907227,
14.750000000000,15.932975769043,
14.800000000000,15.894653320312,
14.850000000000,15.807785034180,
14.900000000000,15.749015808105,
14.950000000000,15.659591674805,
15.000000000000,15.621269226074,
15.050000000000,15.626373291016,
15.100000000000,15.641708374023,
15.150000000000,15.631484985352,
15.200000000000,15.598274230957,
15.250000000000,15.534393310547,
15.300000000000,15.524177551270,
15.350000000000,15.565055847168,
15.400000000000,15.598274230957,
15.450000000000,15.646820068359,
15.500000000000,15.667259216309,
15.550000000000,15.685142517090,
15.600000000000,15.685142517090,
15.650000000000,15.672363281250,
15.700000000000,15.677474975586,
15.750000000000,15.677474975586,
15.800000000000,15.674919128418,
15.850000000000,15.723464965820,
15.900000000000,15.774566650391,
15.950000000000,15.797561645508,
16.000000000000,15.782234191895,
16.050000000000,15.759239196777,
16.100000000000,15.754127502441,
16.150000000000,15.812889099121,
16.200000000000,15.909980773926,
16.250000000000,16.139930725098,
16.300000000000,16.339218139648,
16.350000000000,16.650932312012,
16.400000000000,16.868106842041,
16.450000000000,17.233470916748,
16.500000000000,17.460865020752,
16.550000000000,17.775131225586,
16.600000000000,17.971866607666,
16.650000000000,18.255470275879,
16.700000000000,18.477756500244,
16.750000000000,18.835456848145,
16.800000000000,19.083290100098,
16.850000000000,19.456321716309,
16.900000000000,19.670940399170,
16.950000000000,19.962211608887,
17.000000000000,20.179386138916,
17.050000000000,20.565193176270,
17.100000000000,20.833465576172,
17.150000000000,21.265262603760,
17.200000000000,21.589744567871,
17.250000000000,22.031761169434,
17.300000000000,22.254047393799,
17.350000000000,22.519767761230,
17.400000000000,22.634742736816,
17.450000000000,22.690952301025,
17.500000000000,22.611747741699,
17.550000000000,22.338359832764,
17.600000000000,22.123741149902,
17.650000000000,21.727714538574,
17.700000000000,21.405784606934,
17.750000000000,20.966327667236,
17.800000000000,20.746597290039,
17.850000000000,20.429775238037,
17.900000000000,20.187049865723,
17.950000000000,19.701602935791,
18.000000000000,19.274917602539,
18.050000000000,18.682155609131,
18.100000000000,18.380664825439,
18.150000000000,17.948871612549,
18.200000000000,17.698482513428,
18.250000000000,17.453201293945,
18.300000000000,17.297348022461,
18.350000000000,17.021408081055,
18.400000000000,16.842555999756,
18.450000000000,16.556396484375,
18.500000000000,16.385208129883,
18.550000000000,16.239578247070,
18.600000000000,16.198699951172,
18.650000000000,16.137374877930,
18.700000000000,16.083724975586,
18.750000000000,16.004516601562,
18.800000000000,15.963638305664,
18.850000000000,15.897209167480,
18.900000000000,15.851219177246,
18.950000000000,15.792449951172,
19.000000000000,15.782234191895,
19.050000000000,15.820556640625,
19.100000000000,15.858879089355,
19.150000000000,15.863990783691,
19.200000000000,15.833328247070,
19.250000000000,15.774566650391,
19.300000000000,15.759239196777,
19.350000000000,15.787338256836,
19.400000000000,15.812889099121,
19.450000000000,15.856323242188,
19.500000000000,15.884429931641,
19.550000000000,15.907424926758,
19.600000000000,15.917648315430,
19.650000000000,15.940643310547,
19.700000000000,15.943199157715,
19.750000000000,15.953414916992,
19.800000000000,15.953414916992,
19.850000000000,15.943199157715,
19.900000000000,15.973854064941,
19.950000000000,16.104164123535,
20.000000000000,16.214027404785,19.851116180420
20.050000000000,16.369880676270,
20.100000000000,16.484855651855,
20.150000000000,16.712249755859,
20.200000000000,16.916652679443,
20.250000000000,17.322895050049,
20.300000000000,17.678039550781,
20.350000000000,18.281021118164,
20.400000000000,18.641277313232,
20.450000000000,19.144611358643,
20.500000000000,19.517642974854,
20.550000000000,20.089962005615,
20.600000000000,20.468101501465,
20.650000000000,21.022537231445,
20.700000000000,21.382789611816,
20.750000000000,21.906566619873,
20.800000000000,22.231052398682,
20.850000000000,22.770156860352,
20.900000000000,23.173847198486,
20.950000000000,23.733390808105,
21.000000000000,24.057876586914,
21.050000000000,24.510112762451,
21.100000000000,24.821819305420,
21.150000000000,25.304718017578,
21.200000000000,25.583209991455,
21.250000000000,25.749286651611,
21.300000000000,25.680301666260,
21.350000000000,25.504005432129,
21.400000000000,25.302162170410,
21.450000000000,24.773277282715,
21.500000000000,24.244392395020,
21.550000000000,23.191730499268,
21.600000000000,22.494216918945,
21.650000000000,21.538646697998,
21.700000000000,20.907562255859,
21.750000000000,20.015865325928,
21.800000000000,19.509975433350,
21.850000000000,18.886554718018,
21.900000000000,18.531410217285,
21.950000000000,18.074066162109,
22.000000000000,17.810901641846,
22.050000000000,17.460865020752,
22.100000000000,17.243690490723,
22.150000000000,16.957530975342,
22.200000000000,16.773571014404,
22.250000000000,16.489967346191,
22.300000000000,16.349441528320,
22.350000000000,16.208915710449,
22.400000000000,16.096496582031,
22.450000000000,15.892097473145,
22.500000000000,15.756683349609,
22.550000000000,15.598274230957,
22.600000000000,15.552284240723,
22.650000000000,15.547172546387,
22.700000000000,15.557388305664,
22.750000000000,15.572723388672,
22.800000000000,15.572723388672,
22.850000000000,15.572723388672,
22.900000000000,15.577835083008,
22.950000000000,15.580383300781,
23.000000000000,15.582939147949,
23.050000000000,15.570167541504,
23.100000000000,15.572723388672,
23.150000000000,15.639152526855,
23.200000000000,15.669815063477,
23.250000000000,15.669815063477,
23.300000000000,15.654479980469,
23.350000000000,15.618713378906,
23.400000000000,15.598274230957,
23.450000000000,15.613601684570,
23.500000000000,15.646820068359,
23.550000000000,15.687698364258,
23.600000000000,15.710693359375,
23.650000000000,15.825668334961,
23.700000000000,16.024955749512,
23.750000000000,16.472084045410,
23.800000000000,16.811897277832,
23.850000000000,17.391880035400,
23.900000000000,17.800682067871,
23.950000000000,18.403659820557,
24.000000000000,18.812461853027,
24.050000000000,19.446102142334,
24.100000000000,19.857456207275,
24.150000000000,20.447662353516,
24.200000000000,20.830909729004,
24.250000000000,21.387901306152,
24.300000000000,21.776260375977,
24.350000000000,22.392017364502,
24.400000000000,22.818702697754,
24.450000000000,23.465114593506,
24.500000000000,23.856029510498,
24.550000000000,24.349147796631,
24.600000000000,24.696624755859,
24.650000000000,25.248504638672,
24.700000000000,25.588321685791,
24.750000000000,25.994567871094,
24.800000000000,26.140201568604,
24.850000000000,26.262840270996,
24.900000000000,26.311386108398,
24.950000000000,26.201522827148,
25.000000000000,26.002231597900,
25.050000000000,25.618980407715,
25.100000000000,25.360927581787,
25.150000000000,24.993007659912,
25.200000000000,24.729839324951,
25.250000000000,24.239280700684,
25.300000000000,23.822814941406,
25.350000000000,23.138076782227,
25.400000000000,22.614299774170,
25.450000000000,21.799255371094,
25.500000000000,21.313804626465,
25.550000000000,20.593296051025,
25.600000000000,20.115512847900,
25.650000000000,19.463985443115,
25.700000000000,19.037300109863,
25.750000000000,18.408771514893,
25.800000000000,18.071510314941,
25.850000000000,17.716365814209,
25.900000000000,17.504302978516,
25.950000000000,17.190036773682,
26.000000000000,17.003520965576,
26.050000000000,16.742912292480,
26.100000000000,16.576835632324,
26.150000000000,16.351997375488,
26.200000000000,16.211471557617,
26.250000000000,16.017288208008,
26.300000000000,15.940643310547,
26.350000000000,15.909980773926,
26.400000000000,15.879318237305,
26.450000000000,15.797561645508,
26.500000000000,15.736244201660,
26.550000000000,15.649368286133,
26.600000000000,15.628929138184,
26.650000000000,15.641708374023,
26.700000000000,15.662147521973,
26.750000000000,15.692810058594,
26.800000000000,15.695358276367,
26.850000000000,15.687698364258,
26.900000000000,15.687698364258,
26.950000000000,15.685142517090,
27.000000000000,15.680030822754,
27.050000000000,15.669815063477,
27.100000000000,15.662147521973,
27.150000000000,15.697914123535,
27.200000000000,15.746459960938,
27.250000000000,15.805229187012,
27.300000000000,15.820556640625,
27.350000000000,15.840995788574,
27.400000000000,15.856323242188,
27.450000000000,15.899765014648,
27.500000000000,16.007072448730,
27.550000000000,16.428649902344,
27.600000000000,16.960086822510,
27.650000000000,18.038295745850,
27.700000000000,18.748584747314,
27.750000000000,19.632617950439,
27.800000000000,20.148727416992,
27.850000000000,20.828357696533,
27.900000000000,21.216716766357,
27.950000000000,21.691947937012,
28.000000000000,21.962776184082,
28.050000000000,22.422676086426,
28.100000000000,22.731830596924,
28.150000000000,23.181510925293,
28.200000000000,23.505996704102,
28.250000000000,23.986335754395,
28.300000000000,24.292934417725,
28.350000000000,24.770721435547,
28.400000000000,25.128421783447,
28.450000000000,25.736511230469,
28.500000000000,26.152976989746,
28.550000000000,26.738071441650,
28.600000000000,27.042114257812,
28.650000000000,27.381931304932,
28.700000000000,27.548004150391,
28.750000000000,27.601661682129,
28.800000000000,27.507125854492,
28.850000000000,27.210746765137,
28.900000000000,26.937362670898,
28.950000000000,26.382926940918,
29.000000000000,25.833602905273,
29.050000000000,24.734951019287,
29.100000000000,23.912242889404,
29.150000000000,22.772712707520,
29.200000000000,22.110965728760,
29.250000000000,21.226936340332,
29.300000000000,20.690387725830,
29.350000000000,19.903446197510,
29.400000000000,19.435882568359,
29.450000000000,18.838012695312,
29.500000000000,18.462425231934,
29.550000000000,17.979530334473,
29.600000000000,17.713809967041,
29.650000000000,17.310119628906,
29.700000000000,17.029071807861,
29.750000000000,16.625381469727,
29.800000000000,16.369880676270,
29.850000000000,16.055618286133,
29.900000000000,15.932975769043,
29.950000000000,15.818000793457,
30.000000000000,15.754127502441,21.531099319458
30.050000000000,15.685142517090,
30.100000000000,15.641708374023,
30.150000000000,15.567611694336,
30.200000000000,15.529289245605,
30.250000000000,15.480743408203,
30.300000000000,15.460304260254,
30.350000000000,15.488403320312,
30.400000000000,15.521621704102,
30.450000000000,15.524177551270,
30.500000000000,15.498626708984,
30.550000000000,15.444969177246,
30.600000000000,15.419418334961,
30.650000000000,15.432197570801,
30.700000000000,15.460304260254,
30.750000000000,15.506294250488,
30.800000000000,15.529289245605,
30.850000000000,15.542060852051,
30.900000000000,15.544616699219,
30.950000000000,15.554840087891,
31.000000000000,15.557388305664,
31.050000000000,15.572723388672,
31.100000000000,15.570167541504,
31.150000000000,15.575279235840,
31.200000000000,15.621269226074,
31.250000000000,15.682586669922,
31.300000000000,15.705581665039,
31.350000000000,15.759239196777,
31.400000000000,15.835884094238,
31.450000000000,16.053062438965,
31.500000000000,16.288124084473,
31.550000000000,16.786346435547,
31.600000000000,17.190036773682,
31.650000000000,17.795570373535,
31.700000000000,18.145606994629,
31.750000000000,18.546741485596,
31.800000000000,18.735813140869,
31.850000000000,19.016860961914,
31.900000000000,19.244255065918,
31.950000000000,19.589179992676,
32.000000000000,19.788471221924,
32.050000000000,20.095069885254,
32.100000000000,20.299472808838,
32.150000000000,20.618846893311,
32.200000000000,20.876899719238,
32.250000000000,21.191165924072,
32.300000000000,21.313804626465,
32.350000000000,21.515651702881,
32.400000000000,21.686836242676,
32.450000000000,21.932117462158,
32.500000000000,22.072639465332,
32.550000000000,22.179950714111,
32.600000000000,22.128852844238,
32.650000000000,21.904010772705,
32.700000000000,21.684280395508,
32.750000000000,21.267814636230,
32.800000000000,20.999542236328,
32.850000000000,20.618846893311,
32.900000000000,20.404228210449,
32.950000000000,20.100181579590,
33.000000000000,19.780807495117,
33.050000000000,19.124172210693,
33.100000000000,18.664272308350,
33.150000000000,18.053627014160,
33.200000000000,17.698482513428,
33.250000000000,17.246246337891,
33.300000000000,16.998413085938,
33.350000000000,16.684146881104,
33.400000000000,16.497634887695,
33.450000000000,16.249794006348,
33.500000000000,16.109268188477,
33.550000000000,15.909980773926,
33.600000000000,15.807785034180,
33.650000000000,15.743904113770,
33.700000000000,15.726020812988,
33.750000000000,15.687698364258,
33.800000000000,15.659591674805,
33.850000000000,15.605934143066,
33.900000000000,15.577835083008,
33.950000000000,15.585494995117,
34.000000000000,15.611045837402,
34.050000000000,15.649368286133,
34.100000000000,15.664703369141,
34.150000000000,15.657035827637,
34.200000000000,15.649368286133,
34.250000000000,15.634040832520,
34.300000000000,15.626373291016,
34.350000000000,15.616157531738,
34.400000000000,15.590606689453,
34.450000000000,15.600830078125,
34.500000000000,15.644264221191,
34.550000000000,15.685142517090,
34.600000000000,15.677474975586,
34.650000000000,15.654479980469,
34.700000000000,15.626373291016,
34.750000000000,15.608489990234,
34.800000000000,15.641708374023,
34.850000000000,15.751571655273,
34.900000000000,15.884429931641,
34.950000000000,16.178253173828,
35.000000000000,16.436309814453,
35.050000000000,16.914096832275,
35.100000000000,17.302455902100,
35.150000000000,17.948871612549,
35.200000000000,18.390888214111,
35.250000000000,18.965763092041,
35.300000000000,19.320907592773,
35.350000000000,19.699047088623,
35.400000000000,20.222820281982,
35.450000000000,20.542198181152,
35.500000000000,21.017425537109,
35.550000000000,21.341911315918,
35.600000000000,21.891235351562,
35.650000000000,22.320476531982,
35.700000000000,23.084423065186,
35.750000000000,23.774272918701,
35.800000000000,24.977676391602,
35.850000000000,25.652194976807,
35.900000000000,26.520896911621,
35.950000000000,27.113655090332,
36.000000000000,27.913372039795,
36.050000000000,28.360496520996,
36.100000000000,28.843391418457,
36.150000000000,28.991580963135,
36.200000000000,29.063121795654,
36.250000000000,28.973697662354,
36.300000000000,28.564895629883,
36.350000000000,28.202087402344,
36.400000000000,27.622100830078,
36.450000000000,27.174976348877,
36.500000000000,26.428916931152,
36.550000000000,25.930690765381,
36.600000000000,25.100315093994,
36.650000000000,24.448791503906,
36.700000000000,23.337368011475,
36.750000000000,22.591304779053,
36.800000000000,21.666397094727,
36.850000000000,21.142620086670,
36.900000000000,20.299472808838,
36.950000000000,19.711822509766,
37.000000000000,18.853340148926,
37.050000000000,18.291240692139,
37.100000000000,17.550292968750,
37.150000000000,17.182373046875,
37.200000000000,16.760795593262,
37.250000000000,16.525733947754,
37.300000000000,16.239578247070,
37.350000000000,16.073501586914,
37.400000000000,15.853775024414,
37.450000000000,15.743904113770,
37.500000000000,15.618713378906,
37.550000000000,15.562500000000,
37.600000000000,15.549728393555,
37.650000000000,15.552284240723,
37.700000000000,15.524177551270,
37.750000000000,15.485855102539,
37.800000000000,15.411758422852,
37.850000000000,15.378540039062,
37.900000000000,15.393875122070,
37.950000000000,15.427085876465,
38.000000000000,15.467964172363,
38.050000000000,15.485855102539,
38.100000000000,15.490959167480,
38.150000000000,15.488403320312,
38.200000000000,15.490959167480,
38.250000000000,15.513954162598,
38.300000000000,15.539505004883,
38.350000000000,15.559944152832,
38.400000000000,15.657035827637,
38.450000000000,15.761795043945,
38.500000000000,15.981521606445,
38.550000000000,16.165481567383,
38.600000000000,16.477188110352,
38.650000000000,16.699478149414,
38.700000000000,17.082725524902,
38.750000000000,17.414875030518,
38.800000000000,18.025520324707,
38.850000000000,18.408771514893,
38.900000000000,18.878890991211,
38.950000000000,19.162494659424,
39.000000000000,19.566184997559,
39.050000000000,19.849792480469,
39.100000000000,20.299472808838,
39.150000000000,20.557525634766,
39.200000000000,20.935665130615,
39.250000000000,21.203941345215,
39.300000000000,21.602519989014,
39.350000000000,21.878459930420,
39.400000000000,22.277042388916,
39.450000000000,22.532539367676,
39.500000000000,22.938785552979,
39.550000000000,23.235164642334,
39.600000000000,23.746166229248,
39.650000000000,24.147300720215,
39.700000000000,24.755390167236,
39.750000000000,25.090095520020,
39.800000000000,25.483566284180,
39.850000000000,25.657306671143,
39.900000000000,25.695632934570,
39.950000000000,25.583209991455,
40.000000000000,25.243396759033,13.719511985779
40.050000000000,24.924022674561,
40.100000000000,24.351699829102,
40.150000000000,23.907131195068,
40.200000000000,23.079311370850,
40.250000000000,22.438007354736,
40.300000000000,21.500320434570,
40.350000000000,20.958660125732,
40.400000000000,20.279029846191,
40.450000000000,19.857456207275,
40.500000000000,19.205932617188,
40.550000000000,18.815017700195,
40.600000000000,18.304016113281,
40.650000000000,17.987197875977,
40.700000000000,17.596282958984,
40.750000000000,17.381660461426,
40.800000000000,17.039291381836,
40.850000000000,16.804229736328,
40.900000000000,16.474639892578,
40.950000000000,16.254905700684,
41.000000000000,15.973854064941,
41.050000000000,15.871658325195,
41.100000000000,15.815444946289,
41.150000000000,15.800117492676,
41.200000000000,15.772010803223,
41.250000000000,15.736244201660,
41.300000000000,15.674919128418,
41.350000000000,15.644264221191,
41.400000000000,15.593162536621,
41.450000000000,15.570167541504,
41.500000000000,15.588050842285,
41.550000000000,15.611045837402,
41.600000000000,15.595718383789,
41.650000000000,15.529289245605,
41.700000000000,15.473075866699,
41.750000000000,15.427085876465,
41.800000000000,15.437309265137,
41.850000000000,15.480743408203,
41.900000000000,15.508850097656,
41.950000000000,15.534393310547,
42.000000000000,15.534393310547,
42.050000000000,15.544616699219,
42.100000000000,15.562500000000,
42.150000000000,15.628929138184,
42.200000000000,15.687698364258,
42.250000000000,15.772010803223,
42.300000000000,15.856323242188,
42.350000000000,16.050506591797,
42.400000000000,16.203804016113,
42.450000000000,16.454193115234,
42.500000000000,16.617717742920,
42.550000000000,16.842555999756,
42.600000000000,16.998413085938,
42.650000000000,17.220695495605,
42.700000000000,17.376552581787,
42.750000000000,17.680595397949,
42.800000000000,17.897769927979,
42.850000000000,18.189041137695,
42.900000000000,18.365337371826,
42.950000000000,18.659160614014,
43.000000000000,18.917217254639,
43.050000000000,19.300464630127,
43.100000000000,19.543190002441,
43.150000000000,19.908557891846,
43.200000000000,20.135951995850,
43.250000000000,20.491096496582,
43.300000000000,20.715934753418,
43.350000000000,20.994430541992,
43.400000000000,21.170726776123,
43.450000000000,21.497764587402,
43.500000000000,21.735382080078,
43.550000000000,22.121185302734,
43.600000000000,22.374130249023,
43.650000000000,22.624519348145,
43.700000000000,22.711391448975,
43.750000000000,22.836585998535,
43.800000000000,22.880020141602,
43.850000000000,22.828922271729,
43.900000000000,22.670509338379,
43.950000000000,22.243827819824,
44.000000000000,21.937225341797,
44.050000000000,21.469661712646,
44.100000000000,21.111961364746,
44.150000000000,20.539642333984,
44.200000000000,20.202381134033,
44.250000000000,19.755256652832,
44.300000000000,19.438434600830,
44.350000000000,18.965763092041,
44.400000000000,18.664272308350,
44.450000000000,18.209480285645,
44.500000000000,17.930988311768,
44.550000000000,17.514522552490,
44.600000000000,17.218139648438,
44.650000000000,16.834892272949,
44.700000000000,16.627937316895,
44.750000000000,16.318778991699,
44.800000000000,16.116935729980,
44.850000000000,15.838439941406,
44.900000000000,15.672363281250,
44.950000000000,15.503738403320,
45.000000000000,15.460304260254,
45.050000000000,15.450080871582,
45.100000000000,15.444969177246,
45.150000000000,15.424530029297,
45.200000000000,15.406646728516,
45.250000000000,15.370880126953,
45.300000000000,15.365768432617,
45.350000000000,15.378540039062,
45.400000000000,15.388763427734,
45.450000000000,15.439865112305,
45.500000000000,15.483299255371,
45.550000000000,15.503738403320,
45.600000000000,15.488403320312,
45.650000000000,15.442413330078,
45.700000000000,15.414314270020,
45.750000000000,15.427085876465,
45.800000000000,15.475631713867,
45.850000000000,15.575279235840,
45.900000000000,15.631484985352,
45.950000000000,15.664703369141,
46.000000000000,15.682586669922,
46.050000000000,15.736244201660,
46.100000000000,15.779678344727,
46.150000000000,15.907424926758,
46.200000000000,16.050506591797,
46.250000000000,16.288124084473,
46.300000000000,16.479743957520,
46.350000000000,16.847667694092,
46.400000000000,17.128715515137,
46.450000000000,17.570732116699,
46.500000000000,17.831340789795,
46.550000000000,18.145606994629,
46.600000000000,18.375556945801,
46.650000000000,18.792022705078,
46.700000000000,19.080738067627,
46.750000000000,19.522750854492,
46.800000000000,19.814022064209,
46.850000000000,20.069522857666,
46.900000000000,20.424667358398,
46.950000000000,20.690387725830,
47.000000000000,21.071083068848,
47.050000000000,21.275482177734,
47.100000000000,21.556529998779,
47.150000000000,21.732826232910,
47.200000000000,22.036872863770,
47.250000000000,22.361354827881,
47.300000000000,22.542762756348,
47.350000000000,22.818702697754,
47.400000000000,23.033321380615,
47.450000000000,23.260715484619,
47.500000000000,23.554542541504,
47.550000000000,23.700176239014,
47.600000000000,23.774272918701,
47.650000000000,23.666961669922,
47.700000000000,23.388465881348,
47.750000000000,23.161071777344,
47.800000000000,22.780376434326,
47.850000000000,22.494216918945,
47.900000000000,21.955112457275,
47.950000000000,21.587192535400,
48.000000000000,21.014869689941,
48.050000000000,20.529422760010,
48.100000000000,19.655612945557,
48.150000000000,19.108840942383,
48.200000000000,18.464981079102,
48.250000000000,18.112392425537,
48.300000000000,17.649936676025,
48.350000000000,17.384216308594,
48.400000000000,17.013740539551,
48.450000000000,16.786346435547,
48.500000000000,16.497634887695,
48.550000000000,16.323890686035,
48.600000000000,16.106719970703,
48.650000000000,16.019844055176,
48.700000000000,15.925308227539,
48.750000000000,15.851219177246,
48.800000000000,15.728576660156,
48.850000000000,15.639152526855,
48.900000000000,15.529289245605,
48.950000000000,15.506294250488,
49.000000000000,15.521621704102,
49.050000000000,15.539505004883,
49.100000000000,15.554840087891,
49.150000000000,15.542060852051,
49.200000000000,15.501182556152,
49.250000000000,15.478187561035,
49.300000000000,15.473075866699,
49.350000000000,15.465408325195,
49.400000000000,15.473075866699,
49.450000000000,15.519065856934,
49.500000000000,15.595718383789,
49.550000000000,15.628929138184,
49.600000000000,15.659591674805,
49.650000000000,15.667259216309,
49.700000000000,15.692810058594,
49.750000000000,15.746459960938,
49.800000000000,15.920204162598,
49.850000000000,16.114379882812,
49.900000000000,16.495079040527,
49.950000000000,16.763351440430,
50.000000000000,17.161930084229,13.677811622620
50.050000000000,17.427650451660,
50.100000000000,17.851779937744,
50.150000000000,18.122611999512,
50.200000000000,18.467536926270,
50.250000000000,18.687267303467,
50.300000000000,18.996421813965,
50.350000000000,19.188045501709,
50.400000000000,19.443546295166,
50.450000000000,19.563632965088,
50.500000000000,19.711822509766,
50.550000000000,19.837017059326,
50.600000000000,20.102737426758,
50.650000000000,20.314800262451,
50.700000000000,20.652061462402,
50.750000000000,20.843685150146,
50.800000000000,21.068527221680,
50.850000000000,21.239711761475,
50.900000000000,21.484992980957,
50.950000000000,21.612739562988,
51.000000000000,21.740489959717,
51.050000000000,21.758377075195,
51.100000000000,21.789035797119,
51.150000000000,21.804367065430,
51.200000000000,21.737937927246,
51.250000000000,21.651065826416,
51.300000000000,21.500320434570,
51.350000000000,21.370018005371,
51.400000000000,21.101741790771,
51.450000000000,20.889675140381,
51.500000000000,20.542198181152,
51.550000000000,20.348014831543,
51.600000000000,20.072074890137,
51.650000000000,19.783359527588,
51.700000000000,19.280025482178,
51.750000000000,18.963207244873,
51.800000000000,18.444541931152,
51.850000000000,18.071510314941,
51.900000000000,17.532405853271,
51.950000000000,17.190036773682,
52.000000000000,16.740356445312,
52.050000000000,16.528289794922,
52.100000000000,16.308563232422,
52.150000000000,16.180809020996,
52.200000000000,16.017288208008,
52.250000000000,15.907424926758,
52.300000000000,15.756683349609,
52.350000000000,15.687698364258,
52.400000000000,15.595718383789,
52.450000000000,15.554840087891,
52.500000000000,15.557388305664,
52.550000000000,15.562500000000,
52.600000000000,15.536949157715,
52.650000000000,15.496070861816,
52.700000000000,15.421974182129,
52.750000000000,15.388763427734,
52.800000000000,15.393875122070,
52.850000000000,15.424530029297,
52.900000000000,15.480743408203,
52.950000000000,15.501182556152,
53.000000000000,15.508850097656,
53.050000000000,15.508850097656,
53.100000000000,15.542060852051,
53.150000000000,15.580383300781,
53.200000000000,15.611045837402,
53.250000000000,15.641708374023,
53.300000000000,15.777122497559,
53.350000000000,15.915092468262,
53.400000000000,16.145042419434,
53.450000000000,16.303451538086,
53.500000000000,16.546173095703,
53.550000000000,16.758239746094,
53.600000000000,17.251358032227,
53.650000000000,17.662712097168,
53.700000000000,18.209480285645,
53.750000000000,18.498195648193,
53.800000000000,18.853340148926,
53.850000000000,19.055187225342,
53.900000000000,19.354122161865,
53.950000000000,19.568740844727,
54.000000000000,19.865119934082,
54.050000000000,20.031196594238,
54.100000000000,20.261146545410,
54.150000000000,20.394004821777,
54.200000000000,20.577964782715,
54.250000000000,20.682720184326,
54.300000000000,20.818138122559,
54.350000000000,20.933113098145,
54.400000000000,21.180946350098,
54.450000000000,21.380237579346,
54.500000000000,21.709831237793,
54.550000000000,21.932117462158,
54.600000000000,22.187614440918,
54.650000000000,22.328140258789,
54.700000000000,22.532539367676,
54.750000000000,22.621967315674,
54.800000000000,22.667957305908,
54.850000000000,22.609191894531,
54.900000000000,22.438007354736,
54.950000000000,22.310256958008,
55.000000000000,22.008766174316,
55.050000000000,21.727714538574,
55.100000000000,21.275482177734,
55.150000000000,21.007205963135,
55.200000000000,20.613735198975,
55.250000000000,20.322467803955,
55.300000000000,19.803802490234,
55.350000000000,19.420551300049,
55.400000000000,18.919773101807,
55.450000000000,18.613170623779,
55.500000000000,18.091953277588,
55.550000000000,17.749580383301,
55.600000000000,17.297348022461,
55.650000000000,17.006076812744,
55.700000000000,16.589611053467,
55.750000000000,16.339218139648,
55.800000000000,15.991744995117,
55.850000000000,15.807785034180,
55.900000000000,15.672363281250,
55.950000000000,15.634040832520,
56.000000000000,15.588050842285,
56.050000000000,15.557388305664,
56.100000000000,15.493515014648,
56.150000000000,15.457748413086,
56.200000000000,15.432197570801,
56.250000000000,15.406646728516,
56.300000000000,15.411758422852,
56.350000000000,15.444969177246,
56.400000000000,15.473075866699,
56.450000000000,15.467964172363,
56.500000000000,15.424530029297,
56.550000000000,15.381095886230,
56.600000000000,15.363212585449,
56.650000000000,15.398979187012,
56.700000000000,15.465408325195,
56.750000000000,15.511398315430,
56.800000000000,15.570167541504,
56.850000000000,15.595718383789,
56.900000000000,15.618713378906,
56.950000000000,15.654479980469,
57.000000000000,15.738800048828,
57.050000000000,15.779678344727,
57.100000000000,15.884429931641,
57.150000000000,16.022399902344,
57.200000000000,16.298339843750,
57.250000000000,16.497634887695,
57.300000000000,16.776126861572,
57.350000000000,16.957530975342,
57.400000000000,17.284572601318,
57.450000000000,17.540069580078,
57.500000000000,17.936096191406,
57.550000000000,18.196704864502,
57.600000000000,18.551853179932,
57.650000000000,18.761360168457,
57.700000000000,19.050075531006,
57.750000000000,19.259586334229,
57.800000000000,19.622394561768,
57.850000000000,19.826797485352,
57.900000000000,20.079742431641,
57.950000000000,20.240707397461,
58.000000000000,20.485984802246,
58.050000000000,20.654617309570,
58.100000000000,20.846240997314,
58.150000000000,20.945884704590,
58.200000000000,21.160507202148,
58.250000000000,21.352130889893,
58.300000000000,21.648509979248,
58.350000000000,21.822250366211,
58.400000000000,21.970439910889,
58.450000000000,21.944892883301,
58.500000000000,21.773704528809,
58.550000000000,21.599967956543,
58.600000000000,21.290809631348,
58.650000000000,21.060859680176,
58.700000000000,20.672500610352,
58.750000000000,20.450218200684,
58.800000000000,20.110401153564,
58.850000000000,19.760364532471,
58.900000000000,19.073070526123,
58.950000000000,18.666828155518,
59.000000000000,18.217147827148,
59.050000000000,17.943759918213,
59.100000000000,17.532405853271,
59.150000000000,17.279460906982,
59.200000000000,16.903877258301,
59.250000000000,16.661151885986,
59.300000000000,16.334114074707,
59.350000000000,16.124603271484,
59.400000000000,15.876770019531,
59.450000000000,15.784790039062,
59.500000000000,15.692810058594,
59.550000000000,15.618713378906,
59.600000000000,15.480743408203,
59.650000000000,15.383651733398,
59.700000000000,15.294227600098,
59.750000000000,15.286560058594,
59.800000000000,15.314666748047,
59.850000000000,15.342773437500,
59.900000000000,15.370880126953,
59.950000000000,15.378540039062,
60.000000000000,15.355545043945,13.489209175110
60.050000000000,15.350433349609,
60.100000000000,15.355545043945,
60.150000000000,15.345329284668,
60.200000000000,15.373428344727,
60.250000000000,15.419418334961,
60.300000000000,15.462860107422,
60.350000000000,15.470520019531,
60.400000000000,15.452636718750,
60.450000000000,15.421974182129,
60.500000000000,15.411758422852,
60.550000000000,15.447525024414,
60.600000000000,15.526733398438,
60.650000000000,15.582939147949,
60.700000000000,15.649368286133,
60.750000000000,15.690254211426,
60.800000000000,15.789894104004,
60.850000000000,15.902313232422,
60.900000000000,16.157814025879,
60.950000000000,16.364768981934,
61.000000000000,16.691810607910,
61.050000000000,16.939647674561,
61.100000000000,17.345890045166,
61.150000000000,17.601390838623,
61.200000000000,17.933540344238,
61.250000000000,18.117500305176,
61.300000000000,18.365337371826,
61.350000000000,18.551853179932,
61.400000000000,18.901885986328,
61.450000000000,19.162494659424,
61.500000000000,19.527862548828,
61.550000000000,19.750144958496,
61.600000000000,20.041416168213,
61.650000000000,20.250926971436,
61.700000000000,20.603515625000,
61.750000000000,20.807914733887,
61.800000000000,21.096630096436,
61.850000000000,21.257595062256,
61.900000000000,21.461997985840,
61.950000000000,21.610187530518,
62.000000000000,21.786479949951,
62.050000000000,21.850357055664,
62.100000000000,21.916786193848,
62.150000000000,21.967887878418,
62.200000000000,22.001102447510,
62.250000000000,21.985771179199,
62.300000000000,21.837581634521,
62.350000000000,21.617851257324,
62.400000000000,21.255043029785,
62.450000000000,21.022537231445,
62.500000000000,20.649505615234,
62.550000000000,20.396560668945,
62.600000000000,19.997982025146,
62.650000000000,19.683715820312,
62.700000000000,19.126728057861,
62.750000000000,18.725589752197,
62.800000000000,18.125167846680,
62.850000000000,17.790462493896,
62.900000000000,17.402099609375,
62.950000000000,17.156822204590,
63.000000000000,16.791458129883,
63.050000000000,16.566619873047,
63.100000000000,16.260017395020,
63.150000000000,16.093940734863,
63.200000000000,15.904869079590,
63.250000000000,15.800117492676,
63.300000000000,15.705581665039,
63.350000000000,15.690254211426,
63.400000000000,15.677474975586,
63.450000000000,15.654479980469,
63.500000000000,15.593162536621,
63.550000000000,15.536949157715,
63.600000000000,15.498626708984,
63.650000000000,15.513954162598,
63.700000000000,15.565055847168,
63.750000000000,15.600830078125,
63.800000000000,15.628929138184,
63.850000000000,15.626373291016,
63.900000000000,15.605934143066,
63.950000000000,15.605934143066,
64.000000000000,15.603378295898,
64.050000000000,15.588050842285,
64.100000000000,15.613601684570,
64.150000000000,15.662147521973,
64.200000000000,15.715805053711,
64.250000000000,15.720909118652,
64.300000000000,15.718353271484,
64.350000000000,15.720909118652,
64.400000000000,15.769454956055,
64.450000000000,15.851219177246,
64.500000000000,16.063278198242,
64.550000000000,16.231910705566,
64.600000000000,16.495079040527,
64.650000000000,16.663707733154,
64.700000000000,16.931980133057,
64.750000000000,17.159378051758,
64.800000000000,17.540069580078,
64.850000000000,17.757247924805,
64.900000000000,18.058734893799,
64.950000000000,18.270801544189,
65.000000000000,18.577400207520,
65.050000000000,18.784355163574,
65.100000000000,19.080738067627,
65.150000000000,19.269805908203,
65.200000000000,19.596847534180,
65.250000000000,19.883007049561,
65.300000000000,20.376121520996,
65.350000000000,20.700607299805,
65.400000000000,21.099185943604,
65.450000000000,21.278038024902,
65.500000000000,21.538646697998,
65.550000000000,21.694499969482,
65.600000000000,21.809474945068,
65.650000000000,21.829917907715,
65.700000000000,21.773704528809,
65.750000000000,21.681724548340,
65.800000000000,21.449222564697,
65.850000000000,21.193721771240,
65.900000000000,20.736377716064,
65.950000000000,20.475765228271,
66.000000000000,20.230487823486,
66.050000000000,20.112957000732,
66.100000000000,19.834461212158,
66.150000000000,19.525306701660,
66.200000000000,18.965763092041,
66.250000000000,18.623390197754,
66.300000000000,18.120056152344,
66.350000000000,17.770019531250,
66.400000000000,17.284572601318,
66.450000000000,16.967750549316,
66.500000000000,16.502738952637,
66.550000000000,16.221694946289,
66.600000000000,15.830780029297,
66.650000000000,15.600830078125,
66.700000000000,15.363212585449,
66.750000000000,15.299339294434,
66.800000000000,15.268676757812,
66.850000000000,15.250793457031,
66.900000000000,15.204803466797,
66.950000000000,15.163925170898,
67.000000000000,15.143478393555,
67.050000000000,15.146034240723,
67.100000000000,15.143478393555,
67.150000000000,15.179252624512,
67.200000000000,15.245681762695,
67.250000000000,15.261009216309,
67.300000000000,15.245681762695,
67.350000000000,15.215019226074,
67.400000000000,15.169029235840,
67.450000000000,15.176696777344,
67.500000000000,15.238014221191,
67.550000000000,15.281448364258,
67.600000000000,15.324890136719,
67.650000000000,15.332550048828,
67.700000000000,15.324890136719,
67.750000000000,15.322334289551,
67.800000000000,15.350433349609,
67.850000000000,15.358100891113,
67.900000000000,15.358100891113,
67.950000000000,15.391319274902,
68.000000000000,15.457748413086,
68.050000000000,15.473075866699,
68.100000000000,15.475631713867,
68.150000000000,15.467964172363,
68.200000000000,15.455192565918,
68.250000000000,15.473075866699,
68.300000000000,15.570167541504,
68.350000000000,15.674919128418,
68.400000000000,15.892097473145,
68.450000000000,16.063278198242,
68.500000000000,16.357109069824,
68.550000000000,16.579391479492,
68.600000000000,16.980525970459,
68.650000000000,17.276905059814,
68.700000000000,17.690814971924,
68.750000000000,17.959091186523,
68.800000000000,18.337230682373,
68.850000000000,18.582511901855,
68.900000000000,18.927436828613,
68.950000000000,19.113952636719,
69.000000000000,19.384780883789,
69.050000000000,19.599399566650,
69.100000000000,19.959655761719,
69.150000000000,20.217712402344,
69.200000000000,20.623954772949,
69.250000000000,20.866680145264,
69.300000000000,21.140068054199,
69.350000000000,21.326580047607,
69.400000000000,21.610187530518,
69.450000000000,21.748157501221,
69.500000000000,21.863132476807,
69.550000000000,21.855464935303,
69.600000000000,21.768596649170,
69.650000000000,21.648509979248,
69.700000000000,21.308696746826,
69.750000000000,21.025093078613,
69.800000000000,20.585632324219,
69.850000000000,20.286697387695,
69.900000000000,19.883007049561,
69.950000000000,19.704154968262,
70.000000000000,19.479316711426,16.271186828613
70.050000000000,19.254474639893,
70.100000000000,18.871227264404,
70.150000000000,18.587619781494,
70.200000000000,18.114948272705,
70.250000000000,17.823677062988,
70.300000000000,17.396991729736,
70.350000000000,17.092945098877,
70.400000000000,16.638156890869,
70.450000000000,16.351997375488,
70.500000000000,15.981521606445,
70.550000000000,15.818000793457,
70.600000000000,15.692810058594,
70.650000000000,15.641708374023,
70.700000000000,15.572723388672,
70.750000000000,15.519065856934,
70.800000000000,15.427085876465,
70.850000000000,15.388763427734,
70.900000000000,15.342773437500,
70.950000000000,15.327438354492,
71.000000000000,15.350433349609,
71.050000000000,15.375984191895,
71.100000000000,15.383651733398,
71.150000000000,15.365768432617,
71.200000000000,15.312110900879,
71.250000000000,15.284004211426,
71.300000000000,15.296783447266,
71.350000000000,15.329994201660,
71.400000000000,15.388763427734,
71.450000000000,15.424530029297,
71.500000000000,15.442413330078,
71.550000000000,15.439865112305,
71.600000000000,15.434753417969,
71.650000000000,15.450080871582,
71.700000000000,15.457748413086,
71.750000000000,15.457748413086,
71.800000000000,15.508850097656,
71.850000000000,15.554840087891,
71.900000000000,15.590606689453,
71.950000000000,15.588050842285,
72.000000000000,15.577835083008,
72.050000000000,15.570167541504,
72.100000000000,15.680030822754,
72.150000000000,15.920204162598,
72.200000000000,16.456748962402,
72.250000000000,16.817005157471,
72.300000000000,17.294792175293,
72.350000000000,17.575839996338,
72.400000000000,17.943759918213,
72.450000000000,18.186485290527,
72.500000000000,18.526302337646,
72.550000000000,18.707706451416,
72.600000000000,18.965763092041,
72.650000000000,19.154830932617,
72.700000000000,19.405220031738,
72.750000000000,19.532970428467,
72.800000000000,19.701602935791,
72.850000000000,19.826797485352,
72.900000000000,20.069522857666,
72.950000000000,20.263702392578,
73.000000000000,20.572856903076,
73.050000000000,20.800251007080,
73.100000000000,21.145175933838,
73.150000000000,21.334247589111,
73.200000000000,21.648509979248,
73.250000000000,21.870796203613,
73.300000000000,22.159511566162,
73.350000000000,22.300037384033,
73.400000000000,22.399681091309,
73.450000000000,22.438007354736,
73.500000000000,22.394569396973,
73.550000000000,22.259155273438,
73.600000000000,21.929561614990,
73.650000000000,21.666397094727,
73.700000000000,21.242267608643,
73.750000000000,20.968879699707,
73.800000000000,20.534530639648,
73.850000000000,20.215156555176,
73.900000000000,19.803802490234,
73.950000000000,19.563632965088,
74.000000000000,19.106285095215,
74.050000000000,18.763916015625,
74.100000000000,18.288684844971,
74.150000000000,17.976978302002,
74.200000000000,17.514522552490,
74.250000000000,17.223251342773,
74.300000000000,16.799121856689,
74.350000000000,16.541069030762,
74.400000000000,16.280456542969,
74.450000000000,16.165481567383,
74.500000000000,16.009628295898,
74.550000000000,15.915092468262,
74.600000000000,15.772010803223,
74.650000000000,15.700469970703,
74.700000000000,15.634040832520,
74.750000000000,15.590606689453,
74.800000000000,15.567611694336,
74.850000000000,15.580383300781,
74.900000000000,15.595718383789,
74.950000000000,15.585494995117,
75.000000000000,15.529289245605,
75.050000000000,15.475631713867,
75.100000000000,15.444969177246,
75.150000000000,15.465408325195,
75.200000000000,15.508850097656,
75.250000000000,15.539505004883,
75.300000000000,15.567611694336,
75.350000000000,15.559944152832,
75.400000000000,15.531845092773,
75.450000000000,15.536949157715,
75.500000000000,15.539505004883,
75.550000000000,15.524177551270,
75.600000000000,15.544616699219,
75.650000000000,15.588050842285,
75.700000000000,15.616157531738,
75.750000000000,15.611045837402,
75.800000000000,15.585494995117,
75.850000000000,15.559944152832,
75.900000000000,15.557388305664,
75.950000000000,15.580383300781,
76.000000000000,15.646820068359,
76.050000000000,15.715805053711,
76.100000000000,15.840995788574,
76.150000000000,15.961082458496,
76.200000000000,16.208915710449,
76.250000000000,16.426094055176,
76.300000000000,16.822116851807,
76.350000000000,17.072505950928,
76.400000000000,17.409767150879,
76.450000000000,17.639717102051,
76.500000000000,17.979530334473,
76.550000000000,18.181377410889,
76.600000000000,18.449649810791,
76.650000000000,18.631057739258,
76.700000000000,18.973426818848,
76.750000000000,19.226371765137,
76.800000000000,19.614730834961,
76.850000000000,19.903446197510,
76.900000000000,20.319911956787,
76.950000000000,20.557525634766,
77.000000000000,20.935665130615,
77.050000000000,21.203941345215,
77.100000000000,21.569305419922,
77.150000000000,21.763484954834,
77.200000000000,21.960220336914,
77.250000000000,22.087970733643,
77.300000000000,22.246379852295,
77.350000000000,22.274486541748,
77.400000000000,22.256599426270,
77.450000000000,22.220832824707,
77.500000000000,22.049644470215,
77.550000000000,21.870796203613,
77.600000000000,21.630626678467,
77.650000000000,21.469661712646,
77.700000000000,21.170726776123,
77.750000000000,20.971435546875,
77.800000000000,20.639286041260,
77.850000000000,20.350570678711,
77.900000000000,19.791027069092,
77.950000000000,19.372005462646,
78.000000000000,18.766471862793,
78.050000000000,18.367893218994,
78.100000000000,17.764911651611,
78.150000000000,17.404655456543,
78.200000000000,16.993301391602,
78.250000000000,16.778682708740,
78.300000000000,16.487411499023,
78.350000000000,16.311119079590,
78.400000000000,16.065834045410,
78.450000000000,15.938087463379,
78.500000000000,15.797561645508,
78.550000000000,15.715805053711,
78.600000000000,15.649368286133,
78.650000000000,15.644264221191,
78.700000000000,15.621269226074,
78.750000000000,15.588050842285,
78.800000000000,15.503738403320,
78.850000000000,15.439865112305,
78.900000000000,15.409202575684,
78.950000000000,15.424530029297,
79.000000000000,15.457748413086,
79.050000000000,15.480743408203,
79.100000000000,15.501182556152,
79.150000000000,15.485855102539,
79.200000000000,15.462860107422,
79.250000000000,15.467964172363,
79.300000000000,15.467964172363,
79.350000000000,15.467964172363,
79.400000000000,15.511398315430,
79.450000000000,15.542060852051,
79.500000000000,15.557388305664,
79.550000000000,15.554840087891,
79.600000000000,15.539505004883,
79.650000000000,15.539505004883,
79.700000000000,15.616157531738,
79.750000000000,15.697914123535,
79.800000000000,15.818000793457,
79.850000000000,15.894653320312,
79.900000000000,16.022399902344,
79.950000000000,16.139930725098,
80.000000000000,16.410758972168,16.030534744263
80.050000000000,16.658596038818,
80.100000000000,17.018852233887,
80.150000000000,17.228363037109,
80.200000000000,17.534961700439,
80.250000000000,17.724029541016,
80.300000000000,17.994861602783,
80.350000000000,18.176265716553,
80.400000000000,18.464981079102,
80.450000000000,18.679599761963,
80.500000000000,19.001529693604,
80.550000000000,19.218708038330,
80.600000000000,19.591735839844,
80.650000000000,19.824241638184,
80.700000000000,20.095069885254,
80.750000000000,20.276477813721,
80.800000000000,20.557525634766,
80.850000000000,20.708271026611,
80.900000000000,20.828357696533,
80.950000000000,20.848796844482,
81.000000000000,20.874347686768,
81.050000000000,20.879455566406,
81.100000000000,20.749153137207,
81.150000000000,20.565193176270,
81.200000000000,20.307136535645,
81.250000000000,20.199825286865,
81.300000000000,20.051635742188,
81.350000000000,19.877895355225,
81.400000000000,19.463985443115,
81.450000000000,19.159942626953,
81.500000000000,18.689823150635,
81.550000000000,18.352561950684,
81.600000000000,17.890106201172,
81.650000000000,17.586059570312,
81.700000000000,17.077617645264,
81.750000000000,16.748020172119,
81.800000000000,16.290679931641,
81.850000000000,16.012184143066,
81.900000000000,15.723464965820,
81.950000000000,15.608489990234,
82.000000000000,15.480743408203,
82.050000000000,15.409202575684,
82.100000000000,15.309555053711,
82.150000000000,15.255905151367,
82.200000000000,15.194580078125,
82.250000000000,15.158813476562,
82.300000000000,15.148590087891,
82.350000000000,15.169029235840,
82.400000000000,15.181808471680,
82.450000000000,15.176696777344,
82.500000000000,15.138374328613,
82.550000000000,15.094940185547,
82.600000000000,15.077049255371,
82.650000000000,15.102600097656,
82.700000000000,15.148590087891,
82.750000000000,15.179252624512,
82.800000000000,15.215019226074,
82.850000000000,15.209915161133,
82.900000000000,15.197135925293,
82.950000000000,15.212463378906,
83.000000000000,15.217575073242,
83.050000000000,15.222686767578,
83.100000000000,15.271232604980,
83.150000000000,15.301895141602,
83.200000000000,15.319778442383,
83.250000000000,15.314666748047,
83.300000000000,15.276344299316,
83.350000000000,15.261009216309,
83.400000000000,15.281448364258,
83.450000000000,15.309555053711,
83.500000000000,15.368324279785,
83.550000000000,15.416870117188,
83.600000000000,15.526733398438,
83.650000000000,15.634040832520,
83.700000000000,15.772010803223,
83.750000000000,16.070945739746,
83.800000000000,16.288124084473,
83.850000000000,16.571723937988,
83.900000000000,16.768463134766,
83.950000000000,17.046955108643,
84.000000000000,17.228363037109,
84.050000000000,17.483860015869,
84.100000000000,17.637161254883,
84.150000000000,17.936096191406,
84.200000000000,18.196704864502,
84.250000000000,18.597843170166,
84.300000000000,18.871227264404,
84.350000000000,19.287693023682,
84.400000000000,19.525306701660,
84.450000000000,19.852344512939,
84.500000000000,20.105289459229,
84.550000000000,20.498760223389,
84.600000000000,20.715934753418,
84.650000000000,20.869235992432,
84.700000000000,20.907562255859,
84.750000000000,20.963771820068,
84.800000000000,20.994430541992,
84.850000000000,20.976547241211,
84.900000000000,20.920337677002,
84.950000000000,20.866680145264,
85.000000000000,20.869235992432,
85.050000000000,20.897342681885,
85.100000000000,20.869235992432,
85.150000000000,20.603515625000,
85.200000000000,20.281585693359,
85.250000000000,19.635169982910,
85.300000000000,19.170162200928,
85.350000000000,18.551853179932,
85.400000000000,18.153270721436,
85.450000000000,17.568176269531,
85.500000000000,17.207920074463,
85.550000000000,16.696922302246,
85.600000000000,16.387763977051,
85.650000000000,16.055618286133,
85.700000000000,15.909980773926,
85.750000000000,15.751571655273,
85.800000000000,15.669815063477,
85.850000000000,15.531845092773,
85.900000000000,15.442413330078,
85.950000000000,15.358100891113,
86.000000000000,15.314666748047,
86.050000000000,15.291671752930,
86.100000000000,15.309555053711,
86.150000000000,15.324890136719,
86.200000000000,15.322334289551,
86.250000000000,15.284004211426,
86.300000000000,15.238014221191,
86.350000000000,15.204803466797,
86.400000000000,15.227798461914,
86.450000000000,15.278900146484,
86.500000000000,15.309555053711,
86.550000000000,15.337661743164,
86.600000000000,15.335105895996,
86.650000000000,15.306999206543,
86.700000000000,15.309555053711,
86.750000000000,15.317222595215,
86.800000000000,15.309555053711,
86.850000000000,15.345329284668,
86.900000000000,15.386207580566,
86.950000000000,15.416870117188,
87.000000000000,15.414314270020,
87.050000000000,15.393875122070,
87.100000000000,15.370880126953,
87.150000000000,15.383651733398,
87.200000000000,15.419418334961,
87.250000000000,15.480743408203,
87.300000000000,15.531845092773,
87.350000000000,15.598274230957,
87.400000000000,15.631484985352,
87.450000000000,15.687698364258,
87.500000000000,15.772010803223,
87.550000000000,15.984077453613,
87.600000000000,16.142486572266,
87.650000000000,16.390319824219,
87.700000000000,16.574279785156,
87.750000000000,16.842555999756,
87.800000000000,17.013740539551,
87.850000000000,17.276905059814,
87.900000000000,17.460865020752,
87.950000000000,17.798126220703,
88.000000000000,18.058734893799,
88.050000000000,18.475200653076,
88.100000000000,18.776691436768,
88.150000000000,19.216152191162,
88.200000000000,19.474205017090,
88.250000000000,19.883007049561,
88.300000000000,20.146171569824,
88.350000000000,20.452770233154,
88.400000000000,20.606071472168,
88.450000000000,20.756816864014,
88.500000000000,20.859016418457,
88.550000000000,21.004650115967,
88.600000000000,21.063415527344,
88.650000000000,21.104297637939,
88.700000000000,21.114517211914,
88.750000000000,21.073635101318,
88.800000000000,21.004650115967,
88.850000000000,20.830909729004,
88.900000000000,20.639286041260,
88.950000000000,20.373565673828,
89.000000000000,20.296916961670,
89.050000000000,20.271366119385,
89.100000000000,20.291805267334,
89.150000000000,20.171722412109,
89.200000000000,19.890670776367,
89.250000000000,19.285137176514,
89.300000000000,18.840564727783,
89.350000000000,18.160938262939,
89.400000000000,17.739360809326,
89.450000000000,17.246246337891,
89.500000000000,16.983081817627,
89.550000000000,16.610050201416,
89.600000000000,16.362213134766,
89.650000000000,16.004516601562,
89.700000000000,15.823112487793,
89.750000000000,15.603378295898,
89.800000000000,15.473075866699,
89.850000000000,15.358100891113,
89.900000000000,15.322334289551,
89.950000000000,15.276344299316,
90.000000000000,15.230354309082,15.873015403748
90.050000000000,15.143478393555,
90.100000000000,15.092384338379,
90.150000000000,15.079605102539,
90.200000000000,15.107711791992,
90.250000000000,15.163925170898,
90.300000000000,15.197135925293,
90.350000000000,15.207359313965,
90.400000000000,15.189468383789,
90.450000000000,15.189468383789,
90.500000000000,15.204803466797,
90.550000000000,15.220130920410,
90.600000000000,15.248237609863,
90.650000000000,15.306999206543,
90.700000000000,15.329994201660,
90.750000000000,15.317222595215,
90.800000000000,15.291671752930,
90.850000000000,15.250793457031,
90.900000000000,15.253349304199,
90.950000000000,15.312110900879,
91.000000000000,15.365768432617,
91.050000000000,15.439865112305,
91.100000000000,15.470520019531,
91.150000000000,15.480743408203,
91.200000000000,15.490959167480,
91.250000000000,15.593162536621,
91.300000000000,15.677474975586,
91.350000000000,15.784790039062,
91.400000000000,15.899765014648,
91.450000000000,16.142486572266,
91.500000000000,16.311119079590,
91.550000000000,16.525733947754,
91.600000000000,16.635601043701,
91.650000000000,16.781234741211,
91.700000000000,16.965194702148,
91.750000000000,17.409767150879,
91.800000000000,17.721477508545,
91.850000000000,18.120056152344,
91.900000000000,18.342342376709,
91.950000000000,18.702594757080,
92.000000000000,18.963207244873,
92.050000000000,19.300464630127,
92.100000000000,19.489536285400,
92.150000000000,19.683715820312,
92.200000000000,19.775695800781,
92.250000000000,19.903446197510,
92.300000000000,19.926441192627,
92.350000000000,19.900890350342,
92.400000000000,19.880451202393,
92.450000000000,19.821685791016,
92.500000000000,19.762920379639,
92.550000000000,19.747592926025,
92.600000000000,19.783359527588,
92.650000000000,19.803802490234,
92.700000000000,19.745037078857,
92.750000000000,19.410331726074,
92.800000000000,19.062850952148,
92.850000000000,18.487976074219,
92.900000000000,18.076622009277,
92.950000000000,17.425094604492,
93.000000000000,16.993301391602,
93.050000000000,16.403099060059,
93.100000000000,16.083724975586,
93.150000000000,15.746459960938,
93.200000000000,15.588050842285,
93.250000000000,15.401535034180,
93.300000000000,15.294227600098,
93.350000000000,15.161369323730,
93.400000000000,15.110267639160,
93.450000000000,15.054054260254,
93.500000000000,15.043838500977,
93.550000000000,15.066833496094,
93.600000000000,15.071945190430,
93.650000000000,15.064277648926,
93.700000000000,15.038726806641,
93.750000000000,14.982513427734,
93.800000000000,14.969741821289,
93.850000000000,15.008064270020,
93.900000000000,15.043838500977,
93.950000000000,15.097488403320,
94.000000000000,15.107711791992,
94.050000000000,15.089828491211,
94.100000000000,15.092384338379,
94.150000000000,15.107711791992,
94.200000000000,15.110267639160,
94.250000000000,15.153701782227,
94.300000000000,15.199691772461,
94.350000000000,15.248237609863,
94.400000000000,15.261009216309,
94.450000000000,15.253349304199,
94.500000000000,15.235458374023,
94.550000000000,15.253349304199,
94.600000000000,15.304443359375,
94.650000000000,15.467964172363,
94.700000000000,15.654479980469,
94.750000000000,15.938087463379,
94.800000000000,16.109268188477,
94.850000000000,16.451644897461,
94.900000000000,16.719917297363,
94.950000000000,17.149154663086,
95.000000000000,17.481307983398,
95.050000000000,17.928432464600,
95.100000000000,18.155826568604,
95.150000000000,18.459873199463,
95.200000000000,18.631057739258,
95.250000000000,18.863559722900,
95.300000000000,19.039855957031,
95.350000000000,19.349010467529,
95.400000000000,19.607067108154,
95.450000000000,20.018421173096,
95.500000000000,20.227931976318,
95.550000000000,20.498760223389,
95.600000000000,20.718490600586,
95.650000000000,21.060859680176,
95.700000000000,21.280590057373,
95.750000000000,21.525871276855,
95.800000000000,21.653621673584,
95.850000000000,21.835025787354,
95.900000000000,21.911674499512,
95.950000000000,21.983215332031,
96.000000000000,22.029205322266,
96.050000000000,22.072639465332,
96.100000000000,22.049644470215,
96.150000000000,21.950000762939,
96.200000000000,21.786479949951,
96.250000000000,21.382789611816,
96.300000000000,21.081302642822,
96.350000000000,20.708271026611,
96.400000000000,20.470657348633,
96.450000000000,20.100181579590,
96.500000000000,19.918777465820,
96.550000000000,19.545745849609,
96.600000000000,19.149723052979,
96.650000000000,18.521190643311,
96.700000000000,18.183933258057,
96.750000000000,17.780242919922,
96.800000000000,17.534961700439,
96.850000000000,17.202812194824,
96.900000000000,16.977970123291,
96.950000000000,16.648376464844,
97.000000000000,16.466972351074,
97.050000000000,16.231910705566,
97.100000000000,16.114379882812,
97.150000000000,15.999404907227,
97.200000000000,15.930419921875,
97.250000000000,15.818000793457,
97.300000000000,15.733688354492,
97.350000000000,15.611045837402,
97.400000000000,15.565055847168,
97.450000000000,15.562500000000,
97.500000000000,15.580383300781,
97.550000000000,15.616157531738,
97.600000000000,15.618713378906,
97.650000000000,15.575279235840,
97.700000000000,15.562500000000,
97.750000000000,15.549728393555,
97.800000000000,15.536949157715,
97.850000000000,15.562500000000,
97.900000000000,15.575279235840,
97.950000000000,15.547172546387,
98.000000000000,15.513954162598,
98.050000000000,15.455192565918,
98.100000000000,15.432197570801,
98.150000000000,15.452636718750,
98.200000000000,15.485855102539,
98.250000000000,15.547172546387,
98.300000000000,15.585494995117,
98.350000000000,15.598274230957,
98.400000000000,15.595718383789,
98.450000000000,15.636596679688,
98.500000000000,15.677474975586,
98.550000000000,15.738800048828,
98.600000000000,15.830780029297,
98.650000000000,16.058174133301,
98.700000000000,16.247238159180,
98.750000000000,16.589611053467,
98.800000000000,16.827224731445,
98.850000000000,17.187480926514,
98.900000000000,17.435317993164,
98.950000000000,17.826232910156,
99.000000000000,18.114948272705,
99.050000000000,18.551853179932,
99.100000000000,18.807350158691,
99.150000000000,19.218708038330,
99.200000000000,19.509975433350,
99.250000000000,19.847236633301,
99.300000000000,20.059299468994,
99.350000000000,20.404228210449,
99.400000000000,20.641841888428,
99.450000000000,21.007205963135,
99.500000000000,21.249931335449,
99.550000000000,21.597412109375,
99.600000000000,21.814586639404,
99.650000000000,22.090526580811,
99.700000000000,22.264266967773,
99.750000000000,22.512100219727,
99.800000000000,22.619411468506,
99.850000000000,22.690952301025,
99.900000000000,22.647514343262,
99.950000000000,22.427787780762,
100.000000000000,22.146736145020,16.085790634155
100.050000000000,21.556529998779,
100.100000000000,21.147731781006,
100.150000000000,20.577964782715,
100.200000000000,20.289253234863,
100.250000000000,19.913665771484,
100.300000000000,19.660720825195,
100.350000000000,19.300464630127,
100.400000000000,19.027080535889,
100.450000000000,18.521190643311,
100.500000000000,18.163490295410,
100.550000000000,17.670375823975,
100.600000000000,17.340782165527,
100.650000000000,16.916652679443,
100.700000000000,16.699478149414,
100.750000000000,16.357109069824,
100.800000000000,16.114379882812,
100.850000000000,15.792449951172,
100.900000000000,15.621269226074,
100.950000000000,15.437309265137,
101.000000000000,15.373428344727,
101.050000000000,15.355545043945,
101.100000000000,15.363212585449,
101.150000000000,15.337661743164,
101.200000000000,15.314666748047,
101.250000000000,15.294227600098,
101.300000000000,15.289115905762,
101.350000000000,15.327438354492,
101.400000000000,15.363212585449,
101.450000000000,15.373428344727,
101.500000000000,15.352989196777,
101.550000000000,15.312110900879,
101.600000000000,15.286560058594,
101.650000000000,15.289115905762,
101.700000000000,15.317222595215,
101.750000000000,15.378540039062,
101.800000000000,15.421974182129,
101.850000000000,15.432197570801,
101.900000000000,15.414314270020,
101.950000000000,15.421974182129,
102.000000000000,15.434753417969,
102.050000000000,15.450080871582,
102.100000000000,15.478187561035,
102.150000000000,15.516510009766,
102.200000000000,15.524177551270,
102.250000000000,15.519065856934,
102.300000000000,15.506294250488,
102.350000000000,15.496070861816,
102.400000000000,15.524177551270,
102.450000000000,15.628929138184,
102.500000000000,15.731132507324,
102.550000000000,15.915092468262,
102.600000000000,16.030067443848,
102.650000000000,16.188476562500,
102.700000000000,16.344329833984,
102.750000000000,16.650932312012,
102.800000000000,16.865550994873,
102.850000000000,17.207920074463,
102.900000000000,17.440425872803,
102.950000000000,17.741916656494,
103.000000000000,17.907993316650,
103.050000000000,18.112392425537,
103.100000000000,18.247806549072,
103.150000000000,18.495639801025,
103.200000000000,18.700042724609,
103.250000000000,19.062850952148,
103.300000000000,19.310688018799,
103.350000000000,19.591735839844,
103.400000000000,19.760364532471,
103.450000000000,20.043972015381,
103.500000000000,20.220264434814,
103.550000000000,20.416999816895,
103.600000000000,20.455326080322,
103.650000000000,20.416999816895,
103.700000000000,20.350570678711,
103.750000000000,20.199825286865,
103.800000000000,20.087406158447,
103.850000000000,19.977542877197,
103.900000000000,19.987762451172,
103.950000000000,20.056747436523,
104.000000000000,20.031196594238,
104.050000000000,19.711822509766,
104.100000000000,19.387336730957,
104.150000000000,18.861007690430,
104.200000000000,18.495639801025,
104.250000000000,18.005081176758,
104.300000000000,17.698482513428,
104.350000000000,17.230915069580,
104.400000000000,16.937091827393,
104.450000000000,16.538513183594,
104.500000000000,16.316223144531,
104.550000000000,16.088829040527,
104.600000000000,16.012184143066,
104.650000000000,15.963638305664,
104.700000000000,15.945755004883,
104.750000000000,15.876770019531,
104.800000000000,15.820556640625,
104.850000000000,15.772010803223,
104.900000000000,15.756683349609,
104.950000000000,15.782234191895,
105.000000000000,15.807785034180,
105.050000000000,15.797561645508,
105.100000000000,15.764343261719,
105.150000000000,15.692810058594,
105.200000000000,15.646820068359,
105.250000000000,15.634040832520,
105.300000000000,15.657035827637,
105.350000000000,15.703025817871,
105.400000000000,15.731132507324,
105.450000000000,15.738800048828,
105.500000000000,15.715805053711,
105.550000000000,15.715805053711,
105.600000000000,15.731132507324,
105.650000000000,15.746459960938,
105.700000000000,15.772010803223,
105.750000000000,15.838439941406,
105.800000000000,15.876770019531,
105.850000000000,15.909980773926,
105.900000000000,15.912536621094,
105.950000000000,15.876770019531,
106.000000000000,15.874214172363,
106.050000000000,15.953414916992,
106.100000000000,16.053062438965,
106.150000000000,16.295783996582,
106.200000000000,16.495079040527,
106.250000000000,16.778682708740,
106.300000000000,17.000965118408,
106.350000000000,17.448089599609,
106.400000000000,17.741916656494,
106.450000000000,18.122611999512,
106.500000000000,18.370445251465,
106.550000000000,18.712818145752,
106.600000000000,18.906997680664,
106.650000000000,19.149723052979,
106.700000000000,19.303020477295,
106.750000000000,19.594291687012,
106.800000000000,19.839572906494,
106.850000000000,20.235595703125,
106.900000000000,20.501316070557,
106.950000000000,20.866680145264,
107.000000000000,21.076190948486,
107.050000000000,21.393013000488,
107.100000000000,21.559085845947,
107.150000000000,21.740489959717,
107.200000000000,21.812030792236,
107.250000000000,21.796699523926,
107.300000000000,21.717494964600,
107.350000000000,21.459442138672,
107.400000000000,21.196277618408,
107.450000000000,20.889675140381,
107.500000000000,20.807914733887,
107.550000000000,20.603515625000,
107.600000000000,20.332687377930,
107.650000000000,19.785915374756,
107.700000000000,19.338790893555,
107.750000000000,18.666828155518,
107.800000000000,18.240142822266,
107.850000000000,17.649936676025,
107.900000000000,17.330562591553,
107.950000000000,16.906433105469,
108.000000000000,16.627937316895,
108.050000000000,16.234466552734,
108.100000000000,16.004516601562,
108.150000000000,15.743904113770,
108.200000000000,15.651924133301,
108.250000000000,15.603378295898,
108.300000000000,15.590606689453,
108.350000000000,15.557388305664,
108.400000000000,15.521621704102,
108.450000000000,15.488403320312,
108.500000000000,15.475631713867,
108.550000000000,15.480743408203,
108.600000000000,15.519065856934,
108.650000000000,15.575279235840,
108.700000000000,15.582939147949,
108.750000000000,15.557388305664,
108.800000000000,15.521621704102,
108.850000000000,15.490959167480,
108.900000000000,15.501182556152,
108.950000000000,15.539505004883,
109.000000000000,15.575279235840,
109.050000000000,15.608489990234,
109.100000000000,15.598274230957,
109.150000000000,15.577835083008,
109.200000000000,15.585494995117,
109.250000000000,15.598274230957,
109.300000000000,15.616157531738,
109.350000000000,15.664703369141,
109.400000000000,15.685142517090,
109.450000000000,15.690254211426,
109.500000000000,15.700469970703,
109.550000000000,15.726020812988,
109.600000000000,15.782234191895,
109.650000000000,15.955970764160,
109.700000000000,16.116935729980,
109.750000000000,16.423538208008,
109.800000000000,16.650932312012,
109.850000000000,16.942199707031,
109.900000000000,17.133827209473,
109.950000000000,17.483860015869,
110.000000000000,17.680595397949,16.042781829834
110.050000000000,17.902881622314,
110.100000000000,18.058734893799,
110.150000000000,18.319347381592,
110.200000000000,18.503307342529,
110.250000000000,18.784355163574,
110.300000000000,18.965763092041,
110.350000000000,19.277469635010,
110.400000000000,19.532970428467,
110.450000000000,19.995426177979,
110.500000000000,20.337795257568,
110.550000000000,20.807914733887,
110.600000000000,21.076190948486,
110.650000000000,21.426227569580,
110.700000000000,21.610187530518,
110.750000000000,21.829917907715,
110.800000000000,21.901454925537,
110.850000000000,21.868240356445,
110.900000000000,21.768596649170,
110.950000000000,21.484992980957,
111.000000000000,21.224380493164,
111.050000000000,20.853904724121,
111.100000000000,20.698051452637,
111.150000000000,20.641841888428,
111.200000000000,20.657173156738,
111.250000000000,20.455326080322,
111.300000000000,20.153835296631,
111.350000000000,19.563632965088,
111.400000000000,19.106285095215,
111.450000000000,18.485420227051,
111.500000000000,18.114948272705,
111.550000000000,17.542625427246,
111.600000000000,17.169597625732,
111.650000000000,16.679035186768,
111.700000000000,16.403099060059,
111.750000000000,16.101608276367,
111.800000000000,15.986633300781,
111.850000000000,15.889541625977,
111.900000000000,15.830780029297,
111.950000000000,15.741348266602,
112.000000000000,15.692810058594,
112.050000000000,15.641708374023,
112.100000000000,15.618713378906,
112.150000000000,15.634040832520,
112.200000000000,15.651924133301,
112.250000000000,15.646820068359,
112.300000000000,15.626373291016,
112.350000000000,15.575279235840,
112.400000000000,15.547172546387,
112.450000000000,15.559944152832,
112.500000000000,15.585494995117,
112.550000000000,15.628929138184,
112.600000000000,15.662147521973,
112.650000000000,15.664703369141,
112.700000000000,15.646820068359,
112.750000000000,15.667259216309,
112.800000000000,15.687698364258,
112.850000000000,15.703025817871,
112.900000000000,15.733688354492,
112.950000000000,15.772010803223,
113.000000000000,15.774566650391,
113.050000000000,15.766899108887,
113.100000000000,15.756683349609,
113.150000000000,15.749015808105,
113.200000000000,15.792449951172,
113.250000000000,15.943199157715,
113.300000000000,16.091384887695,
113.350000000000,16.395431518555,
113.400000000000,16.615161895752,
113.450000000000,16.924316406250,
113.500000000000,17.149154663086,
113.550000000000,17.506855010986,
113.600000000000,17.693370819092,
113.650000000000,17.925876617432,
113.700000000000,18.089397430420,
113.750000000000,18.327011108398,
113.800000000000,18.480312347412,
113.850000000000,18.674491882324,
113.900000000000,18.789466857910,
113.950000000000,19.014305114746,
114.000000000000,19.205932617188,
114.050000000000,19.507419586182,
114.100000000000,19.724597930908,
114.150000000000,20.041416168213,
114.200000000000,20.217712402344,
114.250000000000,20.519203186035,
114.300000000000,20.736377716064,
114.350000000000,21.086410522461,
114.400000000000,21.295921325684,
114.450000000000,21.423671722412,
114.500000000000,21.444110870361,
114.550000000000,21.405784606934,
114.600000000000,21.272926330566,
114.650000000000,20.984210968018,
114.700000000000,20.823246002197,
114.750000000000,20.659725189209,
114.800000000000,20.598407745361,
114.850000000000,20.562637329102,
114.900000000000,20.547306060791,
114.950000000000,20.529422760010,
115.000000000000,20.442550659180,
115.050000000000,20.072074890137,
115.100000000000,19.724597930908,
115.150000000000,19.134391784668,
115.200000000000,18.702594757080,
115.250000000000,18.030632019043,
115.300000000000,17.596282958984,
115.350000000000,17.021408081055,
115.400000000000,16.722473144531,
115.450000000000,16.420982360840,
115.500000000000,16.288124084473,
115.550000000000,16.137374877930,
115.600000000000,16.037734985352,
115.650000000000,15.894653320312,
115.700000000000,15.828224182129,
115.750000000000,15.759239196777,
115.800000000000,15.738800048828,
115.850000000000,15.751571655273,
115.900000000000,15.759239196777,
115.950000000000,15.746459960938,
116.000000000000,15.718353271484,
116.050000000000,15.649368286133,
116.100000000000,15.628929138184,
116.150000000000,15.657035827637,
116.200000000000,15.685142517090,
116.250000000000,15.728576660156,
116.300000000000,15.756683349609,
116.350000000000,15.761795043945,
116.400000000000,15.743904113770,
116.450000000000,15.746459960938,
116.500000000000,15.754127502441,
116.550000000000,15.743904113770,
116.600000000000,15.761795043945,
116.650000000000,15.805229187012,
116.700000000000,15.812889099121,
116.750000000000,15.802673339844,
116.800000000000,15.787338256836,
116.850000000000,15.769454956055,
116.900000000000,15.782234191895,
116.950000000000,15.856323242188,
117.000000000000,15.938087463379,
117.050000000000,16.109268188477,
117.100000000000,16.237022399902,
117.150000000000,16.428649902344,
117.200000000000,16.594722747803,
117.250000000000,16.949867248535,
117.300000000000,17.200256347656,
117.350000000000,17.534961700439,
117.400000000000,17.754692077637,
117.450000000000,18.048515319824,
117.500000000000,18.247806549072,
117.550000000000,18.574848175049,
117.600000000000,18.776691436768,
117.650000000000,19.108840942383,
117.700000000000,19.354122161865,
117.750000000000,19.742481231689,
117.800000000000,20.043972015381,
117.850000000000,20.514091491699,
117.900000000000,20.787475585938,
117.950000000000,21.206497192383,
118.000000000000,21.487545013428,
118.050000000000,21.858020782471,
118.100000000000,22.072639465332,
118.150000000000,22.305145263672,
118.200000000000,22.455890655518,
118.250000000000,22.680732727051,
118.300000000000,22.762493133545,
118.350000000000,22.800815582275,
118.400000000000,22.785488128662,
118.450000000000,22.665401458740,
118.500000000000,22.509544372559,
118.550000000000,22.205501556396,
118.600000000000,21.985771179199,
118.650000000000,21.712387084961,
118.700000000000,21.482437133789,
118.750000000000,20.938220977783,
118.800000000000,20.516647338867,
118.850000000000,19.814022064209,
118.900000000000,19.295356750488,
118.950000000000,18.521190643311,
119.000000000000,18.028076171875,
119.050000000000,17.356109619141,
119.100000000000,17.006076812744,
119.150000000000,16.635601043701,
119.200000000000,16.441421508789,
119.250000000000,16.188476562500,
119.300000000000,16.035179138184,
119.350000000000,15.843551635742,
119.400000000000,15.756683349609,
119.450000000000,15.659591674805,
119.500000000000,15.636596679688,
119.550000000000,15.644264221191,
119.600000000000,15.646820068359,
119.650000000000,15.631484985352,
119.700000000000,15.598274230957,
119.750000000000,15.534393310547,
119.800000000000,15.526733398438,
119.850000000000,15.572723388672,
119.900000000000,15.600830078125,
119.950000000000,15.641708374023,
120.000000000000,15.649368286133,16.116653442383
120.050000000000,15.628929138184,
120.100000000000,15.636596679688,
120.150000000000,15.657035827637,
120.200000000000,15.659591674805,
120.250000000000,15.697914123535,
120.300000000000,15.726020812988,
120.350000000000,15.728576660156,
120.400000000000,15.718353271484,
120.450000000000,15.687698364258,
120.500000000000,15.662147521973,
120.550000000000,15.667259216309,
120.600000000000,15.695358276367,
120.650000000000,15.746459960938,
120.700000000000,15.784790039062,
120.750000000000,15.812889099121,
120.800000000000,15.807785034180,
120.850000000000,15.833328247070,
120.900000000000,15.917648315430,
120.950000000000,15.976409912109,
121.000000000000,16.083724975586,
121.050000000000,16.196144104004,
121.100000000000,16.395431518555,
121.150000000000,16.525733947754,
121.200000000000,16.684146881104,
121.250000000000,16.771015167236,
121.300000000000,16.983081817627,
121.350000000000,17.184925079346,
121.400000000000,17.486415863037,
121.450000000000,17.678039550781,
121.500000000000,17.913101196289,
121.550000000000,18.028076171875,
121.600000000000,18.222255706787,
121.650000000000,18.390888214111,
121.700000000000,18.656604766846,
121.750000000000,18.827793121338,
121.800000000000,19.042411804199,
121.850000000000,19.188045501709,
121.900000000000,19.420551300049,
121.950000000000,19.555965423584,
122.000000000000,19.752700805664,
122.050000000000,19.918777465820,
122.100000000000,20.212600708008,
122.150000000000,20.427223205566,
122.200000000000,20.723602294922,
122.250000000000,20.848796844482,
122.300000000000,20.945884704590,
122.350000000000,20.961215972900,
122.400000000000,20.905006408691,
122.450000000000,20.782367706299,
122.500000000000,20.406780242920,
122.550000000000,20.230487823486,
122.600000000000,20.235595703125,
122.650000000000,20.230487823486,
122.700000000000,19.995426177979,
122.750000000000,19.699047088623,
122.800000000000,19.165050506592,
122.850000000000,18.804798126221,
122.900000000000,18.291240692139,
122.950000000000,17.956535339355,
123.000000000000,17.499191284180,
123.050000000000,17.246246337891,
123.100000000000,16.880882263184,
123.150000000000,16.668815612793,
123.200000000000,16.408203125000,
123.250000000000,16.249794006348,
123.300000000000,16.037734985352,
123.350000000000,15.907424926758,
123.400000000000,15.743904113770,
123.450000000000,15.677474975586,
123.500000000000,15.659591674805,
123.550000000000,15.680030822754,
123.600000000000,15.710693359375,
123.650000000000,15.705581665039,
123.700000000000,15.682586669922,
123.750000000000,15.685142517090,
123.800000000000,15.687698364258,
123.850000000000,15.703025817871,
123.900000000000,15.743904113770,
123.950000000000,15.759239196777,
124.000000000000,15.751571655273,
124.050000000000,15.733688354492,
124.100000000000,15.692810058594,
124.150000000000,15.685142517090,
124.200000000000,15.720909118652,
124.250000000000,15.751571655273,
124.300000000000,15.800117492676,
124.350000000000,15.823112487793,
124.400000000000,15.812889099121,
124.450000000000,15.812889099121,
124.500000000000,15.858879089355,
124.550000000000,15.881874084473,
124.600000000000,15.915092468262,
124.650000000000,15.961082458496,
124.700000000000,16.083724975586,
124.750000000000,16.211471557617,
124.800000000000,16.484855651855,
124.850000000000,16.684146881104,
124.900000000000,16.967750549316,
124.950000000000,17.184925079346,
125.000000000000,17.565620422363,
125.050000000000,17.826232910156,
125.100000000000,18.189041137695,
125.150000000000,18.390888214111,
125.200000000000,18.643833160400,
125.250000000000,18.830345153809,
125.300000000000,19.111396789551,
125.350000000000,19.290245056152,
125.400000000000,19.527862548828,
125.450000000000,19.663276672363,
125.500000000000,19.913665771484,
125.550000000000,20.082294464111,
125.600000000000,20.396560668945,
125.650000000000,20.675056457520,
125.700000000000,21.088966369629,
125.750000000000,21.341911315918,
125.800000000000,21.720050811768,
125.850000000000,21.952556610107,
125.900000000000,22.225940704346,
125.950000000000,22.386905670166,
126.000000000000,22.573421478271,
126.050000000000,22.644962310791,
126.100000000000,22.611747741699,
126.150000000000,22.458446502686,
126.200000000000,22.167175292969,
126.250000000000,21.967887878418,
126.300000000000,21.597412109375,
126.350000000000,21.362350463867,
126.400000000000,21.267814636230,
126.450000000000,21.372570037842,
126.500000000000,21.431335449219,
126.550000000000,21.219272613525,
126.600000000000,20.549861907959,
126.650000000000,20.023532867432,
126.700000000000,19.262142181396,
126.750000000000,18.771579742432,
126.800000000000,18.117500305176,
126.850000000000,17.749580383301,
126.900000000000,17.241134643555,
126.950000000000,16.929428100586,
127.000000000000,16.518074035645,
127.050000000000,16.280456542969,
127.100000000000,16.012184143066,
127.150000000000,15.925308227539,
127.200000000000,15.871658325195,
127.250000000000,15.843551635742,
127.300000000000,15.782234191895,
127.350000000000,15.736244201660,
127.400000000000,15.705581665039,
127.450000000000,15.692810058594,
127.500000000000,15.708137512207,
127.550000000000,15.741348266602,
127.600000000000,15.779678344727,
127.650000000000,15.789894104004,
127.700000000000,15.769454956055,
127.750000000000,15.738800048828,
127.800000000000,15.718353271484,
127.850000000000,15.736244201660,
127.900000000000,15.787338256836,
127.950000000000,15.825668334961,
128.000000000000,15.871658325195,
128.050000000000,15.869102478027,
128.100000000000,15.833328247070,
128.150000000000,15.840995788574,
128.200000000000,15.863990783691,
128.250000000000,15.871658325195,
128.300000000000,15.927864074707,
128.350000000000,15.973854064941,
128.400000000000,16.014739990234,
128.450000000000,16.032623291016,
128.500000000000,16.035179138184,
128.550000000000,16.040283203125,
128.600000000000,16.119491577148,
128.650000000000,16.226799011230,
128.700000000000,16.436309814453,
128.750000000000,16.597274780273,
128.800000000000,16.845111846924,
128.850000000000,17.000965118408,
128.900000000000,17.259021759033,
128.950000000000,17.465976715088,
129.000000000000,17.747024536133,
129.050000000000,17.897769927979,
129.100000000000,18.076622009277,
129.150000000000,18.160938262939,
129.200000000000,18.275913238525,
129.250000000000,18.347450256348,
129.300000000000,18.454761505127,
129.350000000000,18.569736480713,
129.400000000000,18.802242279053,
129.450000000000,18.986202239990,
129.500000000000,19.313240051270,
129.550000000000,19.527862548828,
129.600000000000,19.780807495117,
129.650000000000,19.951992034912,
129.700000000000,20.210044860840,
129.750000000000,20.376121520996,
129.800000000000,20.572856903076,
129.850000000000,20.636730194092,
129.900000000000,20.754261016846,
129.950000000000,20.848796844482,
130.000000000000,20.950996398926,16.010673522949
130.050000000000,21.019981384277,
130.100000000000,21.180946350098,
130.150000000000,21.298477172852,
130.200000000000,21.426227569580,
130.250000000000,21.461997985840,
130.300000000000,21.377681732178,
130.350000000000,21.288257598877,
130.400000000000,21.183502197266,
130.450000000000,21.137512207031,
130.500000000000,21.055751800537,
130.550000000000,20.884567260742,
130.600000000000,20.383785247803,
130.650000000000,19.926441192627,
130.700000000000,19.157386779785,
130.750000000000,18.638721466064,
130.800000000000,17.976978302002,
130.850000000000,17.639717102051,
130.900000000000,17.220695495605,
130.950000000000,16.967750549316,
131.000000000000,16.589611053467,
131.050000000000,16.362213134766,
131.100000000000,16.093940734863,
131.150000000000,15.953414916992,
131.200000000000,15.833328247070,
131.250000000000,15.792449951172,
131.300000000000,15.726020812988,
131.350000000000,15.672363281250,
131.400000000000,15.570167541504,
131.450000000000,15.503738403320,
131.500000000000,15.475631713867,
131.550000000000,15.496070861816,
131.600000000000,15.552284240723,
131.650000000000,15.608489990234,
131.700000000000,15.611045837402,
131.750000000000,15.598274230957,
131.800000000000,15.605934143066,
131.850000000000,15.611045837402,
131.900000000000,15.621269226074,
131.950000000000,15.667259216309,
132.000000000000,15.682586669922,
132.050000000000,15.674919128418,
132.100000000000,15.662147521973,
132.150000000000,15.634040832520,
132.200000000000,15.634040832520,
132.250000000000,15.685142517090,
132.300000000000,15.736244201660,
132.350000000000,15.820556640625,
132.400000000000,15.884429931641,
132.450000000000,15.968750000000,
132.500000000000,16.065834045410,
132.550000000000,16.313674926758,
132.600000000000,16.484855651855,
132.650000000000,16.735244750977,
132.700000000000,16.931980133057,
132.750000000000,17.223251342773,
132.800000000000,17.409767150879,
132.850000000000,17.611610412598,
132.900000000000,17.892662048340,
132.950000000000,18.063846588135,
133.000000000000,18.347450256348,
133.050000000000,18.559516906738,
133.100000000000,18.876335144043,
133.150000000000,19.050075531006,
133.200000000000,19.221260070801,
133.250000000000,19.343902587891,
133.300000000000,19.581516265869,
133.350000000000,19.734817504883,
133.400000000000,19.962211608887,
133.450000000000,20.092517852783,
133.500000000000,20.273921966553,
133.550000000000,20.394004821777,
133.600000000000,20.554969787598,
133.650000000000,20.659725189209,
133.700000000000,20.861572265625,
133.750000000000,21.030200958252,
133.800000000000,21.316360473633,
133.850000000000,21.515651702881,
133.900000000000,21.750709533691,
133.950000000000,21.873352050781,
134.000000000000,22.029205322266,
134.050000000000,22.108409881592,
134.100000000000,22.113521575928,
134.150000000000,21.988327026367,
134.200000000000,21.730270385742,
134.250000000000,21.543754577637,
134.300000000000,21.257595062256,
134.350000000000,21.122180938721,
134.400000000000,21.045532226562,
134.450000000000,21.030200958252,
134.500000000000,20.925445556641,
134.550000000000,20.721046447754,
134.600000000000,20.197269439697,
134.650000000000,19.793582916260,
134.700000000000,19.175270080566,
134.750000000000,18.763916015625,
134.800000000000,18.219699859619,
134.850000000000,17.869667053223,
134.900000000000,17.338226318359,
134.950000000000,17.011184692383,
135.000000000000,16.581947326660,
135.050000000000,16.357109069824,
135.100000000000,16.160369873047,
135.150000000000,16.109268188477,
135.200000000000,16.091384887695,
135.250000000000,16.068389892578,
135.300000000000,16.004516601562,
135.350000000000,15.978965759277,
135.400000000000,15.953414916992,
135.450000000000,15.961082458496,
135.500000000000,16.012184143066,
135.550000000000,16.030067443848,
135.600000000000,16.009628295898,
135.650000000000,15.978965759277,
135.700000000000,15.927864074707,
135.750000000000,15.917648315430,
135.800000000000,15.943199157715,
135.850000000000,15.971298217773,
135.900000000000,16.022399902344,
135.950000000000,16.047950744629,
136.000000000000,16.027511596680,
136.050000000000,16.009628295898,
136.100000000000,16.030067443848,
136.150000000000,16.030067443848,
136.200000000000,16.055618286133,
136.250000000000,16.099052429199,
136.300000000000,16.152709960938,
136.350000000000,16.193588256836,
136.400000000000,16.237022399902,
136.450000000000,16.244689941406,
136.500000000000,16.277900695801,
136.550000000000,16.344329833984,
136.600000000000,16.523178100586,
136.650000000000,16.681591033936,
136.700000000000,16.908985137939,
136.750000000000,17.041847229004,
136.800000000000,17.253910064697,
136.850000000000,17.407211303711,
136.900000000000,17.601390838623,
136.950000000000,17.708702087402,
137.000000000000,17.910545349121,
137.050000000000,18.022968292236,
137.100000000000,18.158382415771,
137.150000000000,18.275913238525,
137.200000000000,18.493087768555,
137.250000000000,18.661716461182,
137.300000000000,18.958095550537,
137.350000000000,19.152275085449,
137.400000000000,19.417995452881,
137.450000000000,19.578960418701,
137.500000000000,19.745037078857,
137.550000000000,19.849792480469,
137.600000000000,20.041416168213,
137.650000000000,20.176830291748,
137.700000000000,20.335243225098,
137.750000000000,20.368457794189,
137.800000000000,20.342906951904,
137.850000000000,20.296916961670,
137.900000000000,20.171722412109,
137.950000000000,20.069522857666,
138.000000000000,19.954547882080,
138.050000000000,19.916221618652,
138.100000000000,19.921329498291,
138.150000000000,19.992870330811,
138.200000000000,20.141059875488,
138.250000000000,20.210044860840,
138.300000000000,20.184497833252,
138.350000000000,20.028640747070,
138.400000000000,19.655612945557,
138.450000000000,19.359230041504,
138.500000000000,18.822681427002,
138.550000000000,18.424102783203,
138.600000000000,17.846672058105,
138.650000000000,17.499191284180,
138.700000000000,17.075061798096,
138.750000000000,16.883438110352,
138.800000000000,16.686702728271,
138.850000000000,16.592166900635,
138.900000000000,16.464416503906,
138.950000000000,16.380104064941,
139.000000000000,16.295783996582,
139.050000000000,16.244689941406,
139.100000000000,16.196144104004,
139.150000000000,16.201248168945,
139.200000000000,16.211471557617,
139.250000000000,16.206359863281,
139.300000000000,16.175704956055,
139.350000000000,16.134819030762,
139.400000000000,16.111824035645,
139.450000000000,16.127159118652,
139.500000000000,16.168037414551,
139.550000000000,16.206359863281,
139.600000000000,16.239578247070,
139.650000000000,16.221694946289,
139.700000000000,16.193588256836,
139.750000000000,16.193588256836,
139.800000000000,16.178253173828,
139.850000000000,16.178253173828,
139.900000000000,16.221694946289,
139.950000000000,16.242134094238,
140.000000000000,16.242134094238,15.601782798767
